permission_code,name,description,frontend_status,frontend_location,notes
operations.attachments.read,Read Attachments,View and download document attachments,INTEGRATED,src/modules/resource/ResourceWorkbenchView.vue; src/components/data/DocumentAttachments.vue,"Menu, route guard, tombol aksi, atau workflow frontend mengikuti permission ini."
operations.attachments.create,Create Attachments,Upload document attachments,INTEGRATED,src/components/data/DocumentAttachments.vue,"Menu, route guard, tombol aksi, atau workflow frontend mengikuti permission ini."
operations.attachments.delete,Delete Attachments,Soft delete document attachments,INTEGRATED,src/components/data/DocumentAttachments.vue,"Menu, route guard, tombol aksi, atau workflow frontend mengikuti permission ini."
operations.notifications.read,Read Notifications,View operational notifications,INTEGRATED,src/config/navigation.ts; src/config/modules.ts; src/components/layout/AppTopbar.vue,"Menu, route guard, tombol aksi, atau workflow frontend mengikuti permission ini."
operations.notifications.update,Update Notifications,Read or dismiss operational notifications,INTEGRATED,src/config/modules.ts,"Menu, route guard, tombol aksi, atau workflow frontend mengikuti permission ini."
operations.notifications.run,Run Notification Scan,Run notification scheduler manually,INTEGRATED,src/config/modules.ts,"Menu, route guard, tombol aksi, atau workflow frontend mengikuti permission ini."
maintenance.stock_reconciliation.read,Read Stock Reconciliation,Inspect stock integrity differences,INTEGRATED,src/config/navigation.ts; src/config/modules.ts,"Menu, route guard, tombol aksi, atau workflow frontend mengikuti permission ini."
reports.audit.read,Read Audit Dashboard,View audit and API activity dashboard,INTEGRATED,src/modules/dashboard/DashboardView.vue,"Menu, route guard, tombol aksi, atau workflow frontend mengikuti permission ini."
inventory.asset_disposals.read,Read Asset Disposals,View asset disposal workflows,INTEGRATED,src/config/navigation.ts; src/config/modules.ts,"Menu, route guard, tombol aksi, atau workflow frontend mengikuti permission ini."
inventory.asset_disposals.create,Create Asset Disposals,Create asset disposal request,INTEGRATED,src/config/modules.ts,"Menu, route guard, tombol aksi, atau workflow frontend mengikuti permission ini."
inventory.asset_disposals.submit,Submit Asset Disposals,Submit asset disposal for approval,INTEGRATED,src/config/modules.ts,"Menu, route guard, tombol aksi, atau workflow frontend mengikuti permission ini."
inventory.asset_disposals.approve,Approve Asset Disposals,Approve or reject asset disposal,INTEGRATED,src/config/navigation.ts; src/config/modules.ts; src/router/index.ts; src/modules/approvals/ApprovalsView.vue,"Menu, route guard, tombol aksi, atau workflow frontend mengikuti permission ini."
inventory.asset_disposals.complete,Complete Asset Disposals,Complete approved disposal,INTEGRATED,src/config/modules.ts,"Menu, route guard, tombol aksi, atau workflow frontend mengikuti permission ini."
inventory.asset_losses.read,Read Asset Loss Cases,View asset loss workflows,INTEGRATED,src/config/navigation.ts; src/config/modules.ts,"Menu, route guard, tombol aksi, atau workflow frontend mengikuti permission ini."
inventory.asset_losses.create,Create Asset Loss Cases,Report lost asset,INTEGRATED,src/config/modules.ts,"Menu, route guard, tombol aksi, atau workflow frontend mengikuti permission ini."
inventory.asset_losses.review,Review Asset Loss Cases,Investigate asset loss,INTEGRATED,src/config/modules.ts,"Menu, route guard, tombol aksi, atau workflow frontend mengikuti permission ini."
inventory.asset_losses.approve,Approve Asset Loss Cases,Approve or reject asset loss,INTEGRATED,src/config/navigation.ts; src/config/modules.ts; src/router/index.ts; src/modules/approvals/ApprovalsView.vue,"Menu, route guard, tombol aksi, atau workflow frontend mengikuti permission ini."
inventory.asset_losses.recover,Recover Lost Assets,Return recovered asset to warehouse,INTEGRATED,src/config/modules.ts,"Menu, route guard, tombol aksi, atau workflow frontend mengikuti permission ini."
inventory.asset_losses.close,Close Asset Loss Cases,Close approved unrecovered loss,INTEGRATED,src/config/modules.ts,"Menu, route guard, tombol aksi, atau workflow frontend mengikuti permission ini."
inventory.asset_depreciation.read,Read Asset Depreciation,Calculate and report depreciation,INTEGRATED,src/config/navigation.ts; src/config/modules.ts; src/router/index.ts; src/modules/reports/ReportsView.vue,"Menu, route guard, tombol aksi, atau workflow frontend mengikuti permission ini."
inventory.asset_depreciation.snapshot,Snapshot Asset Depreciation,Create depreciation snapshot,INTEGRATED,src/config/modules.ts,"Menu, route guard, tombol aksi, atau workflow frontend mengikuti permission ini."
inventory.asset_handovers.read,Read Asset Handovers,View and print handover documents,INTEGRATED,src/config/navigation.ts; src/config/modules.ts,"Menu, route guard, tombol aksi, atau workflow frontend mengikuti permission ini."
inventory.asset_handovers.create,Create Asset Handovers,Create handover documents,INTEGRATED,src/config/modules.ts,"Menu, route guard, tombol aksi, atau workflow frontend mengikuti permission ini."
inventory.asset_handovers.sign,Sign Asset Handovers,Sign handover documents,INTEGRATED,src/config/modules.ts,"Menu, route guard, tombol aksi, atau workflow frontend mengikuti permission ini."
maintenance.cost_reconciliation.read,Read Cost Reconciliation,"Melihat hasil rekonsiliasi antara saldo stok, saldo biaya, dan pergerakan biaya persediaan.",INTEGRATED,src/config/navigation.ts; src/config/modules.ts,"Menu, route guard, tombol aksi, atau workflow frontend mengikuti permission ini."
maintenance.cost_reconciliation.run,Run Cost Reconciliation,"Menjalankan proses rekonsiliasi biaya persediaan untuk mendeteksi perbedaan saldo, nilai, dan pergerakan biaya.",INTEGRATED,src/config/modules.ts,"Menu, route guard, tombol aksi, atau workflow frontend mengikuti permission ini."
catalog.category_groups.create,Create Category Groups,Membuat data category group baru.,INTEGRATED,src/config/modules.ts,"Menu, route guard, tombol aksi, atau workflow frontend mengikuti permission ini."
catalog.category_groups.delete,Delete Category Groups,Menghapus atau melakukan soft delete data category group.,INTEGRATED,src/config/modules.ts,"Menu, route guard, tombol aksi, atau workflow frontend mengikuti permission ini."
catalog.category_groups.read,Read Category Groups,Melihat daftar dan detail category group.,INTEGRATED,src/config/navigation.ts; src/config/modules.ts,"Menu, route guard, tombol aksi, atau workflow frontend mengikuti permission ini."
catalog.category_groups.update,Update Category Groups,Mengubah data category group.,INTEGRATED,src/config/modules.ts,"Menu, route guard, tombol aksi, atau workflow frontend mengikuti permission ini."
dashboard.read,Read Dashboard,Melihat dashboard dan ringkasan data aplikasi.,INTEGRATED,src/config/navigation.ts; src/router/index.ts,"Menu, route guard, tombol aksi, atau workflow frontend mengikuti permission ini."
inventory.stock_adjustments.approve,Approve Stock Adjustments,Menyetujui pengajuan penyesuaian stok.,INTEGRATED,src/config/navigation.ts; src/config/modules.ts; src/router/index.ts; src/modules/approvals/ApprovalsView.vue,"Menu, route guard, tombol aksi, atau workflow frontend mengikuti permission ini."
inventory.stock_adjustments.create,Create Stock Adjustments,Membuat transaksi penyesuaian stok.,INTEGRATED,src/config/modules.ts,"Menu, route guard, tombol aksi, atau workflow frontend mengikuti permission ini."
inventory.stock_adjustments.read,Read Stock Adjustments,Melihat daftar dan detail penyesuaian stok.,INTEGRATED,src/config/navigation.ts; src/config/modules.ts,"Menu, route guard, tombol aksi, atau workflow frontend mengikuti permission ini."
inventory.stock_adjustments.update,Update Stock Adjustments,Mengubah dan memproses transaksi penyesuaian stok.,INTEGRATED,src/config/modules.ts,"Menu, route guard, tombol aksi, atau workflow frontend mengikuti permission ini."
inventory.stock_opnames.approve,Approve Stock Opnames,Menyetujui dan memproses hasil stock opname.,INTEGRATED,src/config/navigation.ts; src/config/modules.ts; src/router/index.ts; src/modules/approvals/ApprovalsView.vue,"Menu, route guard, tombol aksi, atau workflow frontend mengikuti permission ini."
inventory.stock_opnames.create,Create Stock Opnames,Membuat kegiatan stock opname.,INTEGRATED,src/config/modules.ts,"Menu, route guard, tombol aksi, atau workflow frontend mengikuti permission ini."
inventory.stock_opnames.read,Read Stock Opnames,Melihat daftar dan detail stock opname.,INTEGRATED,src/config/navigation.ts; src/config/modules.ts,"Menu, route guard, tombol aksi, atau workflow frontend mengikuti permission ini."
inventory.stock_opnames.update,Update Stock Opnames,Mengubah dan memproses kegiatan stock opname.,INTEGRATED,src/config/modules.ts,"Menu, route guard, tombol aksi, atau workflow frontend mengikuti permission ini."
reports.inventory.read,Read Inventory Reports,"Melihat laporan stok, mutasi, pemakaian, dan distribusi inventory.",INTEGRATED,src/config/navigation.ts; src/router/index.ts; src/modules/reports/ReportsView.vue,"Menu, route guard, tombol aksi, atau workflow frontend mengikuti permission ini."
transaction.complaints.create,Create Complaints,Membuat laporan atau komplain transaksi kepada vendor.,INTEGRATED,src/config/modules.ts,"Menu, route guard, tombol aksi, atau workflow frontend mengikuti permission ini."
transaction.complaints.read,Read Complaints,Melihat daftar dan detail komplain transaksi.,INTEGRATED,src/config/navigation.ts; src/config/modules.ts,"Menu, route guard, tombol aksi, atau workflow frontend mengikuti permission ini."
transaction.complaints.update,Update Complaints,Mengubah dan memproses penyelesaian komplain transaksi.,INTEGRATED,src/config/modules.ts,"Menu, route guard, tombol aksi, atau workflow frontend mengikuti permission ini."
transaction.delivery_orders.create,Create Delivery Orders,Membuat transaksi delivery order.,INTEGRATED,src/config/modules.ts,"Menu, route guard, tombol aksi, atau workflow frontend mengikuti permission ini."
transaction.delivery_orders.read,Read Delivery Orders,Melihat daftar dan detail delivery order.,INTEGRATED,src/config/navigation.ts; src/config/modules.ts,"Menu, route guard, tombol aksi, atau workflow frontend mengikuti permission ini."
transaction.delivery_orders.update,Update Delivery Orders,Mengubah dan memproses transaksi delivery order.,INTEGRATED,src/config/modules.ts,"Menu, route guard, tombol aksi, atau workflow frontend mengikuti permission ini."
transaction.item_requests.approve,Approve Item Requests,Menyetujui atau menolak permintaan barang.,INTEGRATED,src/config/navigation.ts; src/config/modules.ts; src/router/index.ts; src/modules/approvals/ApprovalsView.vue,"Menu, route guard, tombol aksi, atau workflow frontend mengikuti permission ini."
transaction.item_requests.create,Create Item Requests,Membuat permintaan barang.,INTEGRATED,src/config/modules.ts,"Menu, route guard, tombol aksi, atau workflow frontend mengikuti permission ini."
auth.users.read,Read Users,Melihat daftar dan detail user,INTEGRATED,src/config/navigation.ts; src/config/modules.ts,"Menu, route guard, tombol aksi, atau workflow frontend mengikuti permission ini."
auth.users.create,Create Users,Membuat user baru,INTEGRATED,src/config/modules.ts,"Menu, route guard, tombol aksi, atau workflow frontend mengikuti permission ini."
auth.users.update,Update Users,Mengubah data user,INTEGRATED,src/config/modules.ts,"Menu, route guard, tombol aksi, atau workflow frontend mengikuti permission ini."
auth.users.delete,Delete Users,Menghapus atau menonaktifkan user,INTEGRATED,src/config/modules.ts,"Menu, route guard, tombol aksi, atau workflow frontend mengikuti permission ini."
auth.users.update_status,Update User Status,Mengaktifkan atau menonaktifkan user,INTEGRATED,src/config/modules.ts,"Menu, route guard, tombol aksi, atau workflow frontend mengikuti permission ini."
auth.users.update_password,Update User Password,Mengubah password user,INTEGRATED,src/config/modules.ts,"Menu, route guard, tombol aksi, atau workflow frontend mengikuti permission ini."
auth.users.revoke_sessions,Revoke User Sessions,Mencabut semua session user,INTEGRATED,src/config/modules.ts,"Menu, route guard, tombol aksi, atau workflow frontend mengikuti permission ini."
auth.users.access.read,Read User Access,"Melihat akses company, location, dan category group user",INTEGRATED,src/config/modules.ts,"Menu, route guard, tombol aksi, atau workflow frontend mengikuti permission ini."
auth.users.access.update,Update User Access,"Mengubah akses company, location, dan category group user",INTEGRATED,src/config/modules.ts,"Menu, route guard, tombol aksi, atau workflow frontend mengikuti permission ini."
auth.users.roles.read,Read User Roles,Melihat role user,INTEGRATED,src/config/modules.ts,"Menu, route guard, tombol aksi, atau workflow frontend mengikuti permission ini."
auth.users.roles.update,Update User Roles,Mengubah role user,INTEGRATED,src/config/modules.ts,"Menu, route guard, tombol aksi, atau workflow frontend mengikuti permission ini."
auth.roles.read,Read Roles,Melihat role,INTEGRATED,src/config/navigation.ts; src/config/modules.ts,"Menu, route guard, tombol aksi, atau workflow frontend mengikuti permission ini."
auth.roles.create,Create Roles,Membuat role,INTEGRATED,src/config/modules.ts,"Menu, route guard, tombol aksi, atau workflow frontend mengikuti permission ini."
auth.roles.update,Update Roles,Mengubah role,INTEGRATED,src/config/modules.ts,"Menu, route guard, tombol aksi, atau workflow frontend mengikuti permission ini."
auth.roles.delete,Delete Roles,Menghapus role,INTEGRATED,src/config/modules.ts,"Menu, route guard, tombol aksi, atau workflow frontend mengikuti permission ini."
auth.roles.permissions.read,Read Role Permissions,Melihat permission role,INTEGRATED,src/config/modules.ts,"Menu, route guard, tombol aksi, atau workflow frontend mengikuti permission ini."
auth.roles.permissions.update,Update Role Permissions,Mengubah permission role,INTEGRATED,src/config/modules.ts,"Menu, route guard, tombol aksi, atau workflow frontend mengikuti permission ini."
auth.permissions.read,Read Permissions,Melihat permission,INTEGRATED,src/config/navigation.ts; src/config/modules.ts,"Menu, route guard, tombol aksi, atau workflow frontend mengikuti permission ini."
transaction.item_requests.read,Read Item Requests,Melihat daftar dan detail permintaan barang.,INTEGRATED,src/config/navigation.ts; src/config/modules.ts,"Menu, route guard, tombol aksi, atau workflow frontend mengikuti permission ini."
transaction.item_requests.update,Update Item Requests,Mengubah dan memproses permintaan barang.,INTEGRATED,src/config/modules.ts,"Menu, route guard, tombol aksi, atau workflow frontend mengikuti permission ini."
transaction.item_usages.create,Create Item Usages,Membuat transaksi pemakaian barang.,INTEGRATED,src/config/modules.ts,"Menu, route guard, tombol aksi, atau workflow frontend mengikuti permission ini."
transaction.item_usages.read,Read Item Usages,Melihat daftar dan detail pemakaian barang.,INTEGRATED,src/config/navigation.ts; src/config/modules.ts,"Menu, route guard, tombol aksi, atau workflow frontend mengikuti permission ini."
transaction.item_usages.update,Update Item Usages,Mengubah dan memproses transaksi pemakaian barang.,INTEGRATED,src/config/modules.ts,"Menu, route guard, tombol aksi, atau workflow frontend mengikuti permission ini."
reports.inventory_valuation.read,Read Inventory Valuation,"Melihat laporan jumlah stok, average unit cost, dan total nilai persediaan berdasarkan context aktif.",INTEGRATED,src/config/navigation.ts; src/router/index.ts; src/modules/reports/ReportsView.vue,"Menu, route guard, tombol aksi, atau workflow frontend mengikuti permission ini."
reports.asset_valuation.read,Read Asset Valuation,"Melihat laporan acquisition cost, accumulated depreciation, dan net book value aset berdasarkan context aktif.",INTEGRATED,src/config/navigation.ts; src/router/index.ts; src/modules/reports/ReportsView.vue,"Menu, route guard, tombol aksi, atau workflow frontend mengikuti permission ini."
auth.permissions.create,Create Permissions,Membuat permission,INTEGRATED,src/config/modules.ts,"Menu, route guard, tombol aksi, atau workflow frontend mengikuti permission ini."
auth.permissions.update,Update Permissions,Mengubah permission,INTEGRATED,src/config/modules.ts,"Menu, route guard, tombol aksi, atau workflow frontend mengikuti permission ini."
auth.permissions.delete,Delete Permissions,Menghapus permission,INTEGRATED,src/config/modules.ts,"Menu, route guard, tombol aksi, atau workflow frontend mengikuti permission ini."
auth.activity.audit_logs.read,Read Audit Logs,Melihat audit log aktivitas user,INTEGRATED,src/config/navigation.ts; src/config/modules.ts,"Menu, route guard, tombol aksi, atau workflow frontend mengikuti permission ini."
auth.activity.login_histories.read,Read Login Histories,Melihat riwayat login user,INTEGRATED,src/config/navigation.ts; src/config/modules.ts,"Menu, route guard, tombol aksi, atau workflow frontend mengikuti permission ini."
auth.activity.active_sessions.read,Read Active Sessions,Melihat session aktif user,INTEGRATED,src/config/navigation.ts; src/config/modules.ts,"Menu, route guard, tombol aksi, atau workflow frontend mengikuti permission ini."
organization.companies.read,Read Companies,Melihat company,INTEGRATED,src/config/navigation.ts; src/config/modules.ts,"Menu, route guard, tombol aksi, atau workflow frontend mengikuti permission ini."
organization.companies.create,Create Companies,Membuat company,INTEGRATED,src/config/modules.ts,"Menu, route guard, tombol aksi, atau workflow frontend mengikuti permission ini."
organization.companies.update,Update Companies,Mengubah company,INTEGRATED,src/config/modules.ts,"Menu, route guard, tombol aksi, atau workflow frontend mengikuti permission ini."
organization.companies.delete,Delete Companies,Menonaktifkan company,INTEGRATED,src/config/modules.ts,"Menu, route guard, tombol aksi, atau workflow frontend mengikuti permission ini."
organization.location_types.read,Read Location Types,Melihat tipe lokasi,INTEGRATED,src/config/navigation.ts; src/config/modules.ts,"Menu, route guard, tombol aksi, atau workflow frontend mengikuti permission ini."
organization.location_types.create,Create Location Types,Membuat tipe lokasi,INTEGRATED,src/config/modules.ts,"Menu, route guard, tombol aksi, atau workflow frontend mengikuti permission ini."
organization.location_types.update,Update Location Types,Mengubah tipe lokasi,INTEGRATED,src/config/modules.ts,"Menu, route guard, tombol aksi, atau workflow frontend mengikuti permission ini."
organization.location_types.delete,Delete Location Types,Menonaktifkan tipe lokasi,INTEGRATED,src/config/modules.ts,"Menu, route guard, tombol aksi, atau workflow frontend mengikuti permission ini."
organization.locations.read,Read Locations,Melihat lokasi,INTEGRATED,src/config/navigation.ts; src/config/modules.ts,"Menu, route guard, tombol aksi, atau workflow frontend mengikuti permission ini."
organization.locations.create,Create Locations,Membuat lokasi,INTEGRATED,src/config/modules.ts,"Menu, route guard, tombol aksi, atau workflow frontend mengikuti permission ini."
organization.locations.update,Update Locations,Mengubah lokasi,INTEGRATED,src/config/modules.ts,"Menu, route guard, tombol aksi, atau workflow frontend mengikuti permission ini."
organization.locations.delete,Delete Locations,Menonaktifkan lokasi,INTEGRATED,src/config/modules.ts,"Menu, route guard, tombol aksi, atau workflow frontend mengikuti permission ini."
warehouses.read,Read Warehouses,Melihat warehouse,LEGACY_DUPLICATE_NOT_USED,,Permission legacy duplikat. Frontend dan route backend aktif menggunakan warehouse.warehouses.*.
warehouses.create,Create Warehouses,Membuat warehouse,LEGACY_DUPLICATE_NOT_USED,,Permission legacy duplikat. Frontend dan route backend aktif menggunakan warehouse.warehouses.*.
warehouses.update,Update Warehouses,Mengubah warehouse,LEGACY_DUPLICATE_NOT_USED,,Permission legacy duplikat. Frontend dan route backend aktif menggunakan warehouse.warehouses.*.
warehouses.delete,Delete Warehouses,Menonaktifkan warehouse,LEGACY_DUPLICATE_NOT_USED,,Permission legacy duplikat. Frontend dan route backend aktif menggunakan warehouse.warehouses.*.
warehouse.warehouses.read,Read Warehouses,Melihat warehouse,INTEGRATED,src/config/navigation.ts; src/config/modules.ts,"Menu, route guard, tombol aksi, atau workflow frontend mengikuti permission ini."
warehouse.warehouses.create,Create Warehouses,Membuat warehouse,INTEGRATED,src/config/modules.ts,"Menu, route guard, tombol aksi, atau workflow frontend mengikuti permission ini."
warehouse.warehouses.update,Update Warehouses,Mengubah warehouse,INTEGRATED,src/config/modules.ts,"Menu, route guard, tombol aksi, atau workflow frontend mengikuti permission ini."
warehouse.warehouses.delete,Delete Warehouses,Menonaktifkan warehouse,INTEGRATED,src/config/modules.ts,"Menu, route guard, tombol aksi, atau workflow frontend mengikuti permission ini."
catalog.uoms.read,Read UOMs,Melihat satuan,INTEGRATED,src/config/navigation.ts; src/config/modules.ts,"Menu, route guard, tombol aksi, atau workflow frontend mengikuti permission ini."
catalog.uoms.create,Create UOMs,Membuat satuan,INTEGRATED,src/config/modules.ts,"Menu, route guard, tombol aksi, atau workflow frontend mengikuti permission ini."
catalog.uoms.update,Update UOMs,Mengubah satuan,INTEGRATED,src/config/modules.ts,"Menu, route guard, tombol aksi, atau workflow frontend mengikuti permission ini."
catalog.uoms.delete,Delete UOMs,Menonaktifkan satuan,INTEGRATED,src/config/modules.ts,"Menu, route guard, tombol aksi, atau workflow frontend mengikuti permission ini."
catalog.categories.read,Read Categories,Melihat kategori,INTEGRATED,src/config/navigation.ts; src/config/modules.ts,"Menu, route guard, tombol aksi, atau workflow frontend mengikuti permission ini."
catalog.categories.create,Create Categories,Membuat kategori,INTEGRATED,src/config/modules.ts,"Menu, route guard, tombol aksi, atau workflow frontend mengikuti permission ini."
catalog.categories.update,Update Categories,Mengubah kategori,INTEGRATED,src/config/modules.ts,"Menu, route guard, tombol aksi, atau workflow frontend mengikuti permission ini."
catalog.categories.delete,Delete Categories,Menonaktifkan kategori,INTEGRATED,src/config/modules.ts,"Menu, route guard, tombol aksi, atau workflow frontend mengikuti permission ini."
catalog.brands.read,Read Brands,Melihat brand,INTEGRATED,src/config/navigation.ts; src/config/modules.ts,"Menu, route guard, tombol aksi, atau workflow frontend mengikuti permission ini."
catalog.brands.create,Create Brands,Membuat brand,INTEGRATED,src/config/modules.ts,"Menu, route guard, tombol aksi, atau workflow frontend mengikuti permission ini."
catalog.brands.update,Update Brands,Mengubah brand,INTEGRATED,src/config/modules.ts,"Menu, route guard, tombol aksi, atau workflow frontend mengikuti permission ini."
catalog.brands.delete,Delete Brands,Menonaktifkan brand,INTEGRATED,src/config/modules.ts,"Menu, route guard, tombol aksi, atau workflow frontend mengikuti permission ini."
catalog.suppliers.read,Read Suppliers,Melihat supplier,INTEGRATED,src/config/navigation.ts; src/config/modules.ts,"Menu, route guard, tombol aksi, atau workflow frontend mengikuti permission ini."
catalog.suppliers.create,Create Suppliers,Membuat supplier,INTEGRATED,src/config/modules.ts,"Menu, route guard, tombol aksi, atau workflow frontend mengikuti permission ini."
catalog.suppliers.update,Update Suppliers,Mengubah supplier,INTEGRATED,src/config/modules.ts,"Menu, route guard, tombol aksi, atau workflow frontend mengikuti permission ini."
catalog.suppliers.delete,Delete Suppliers,Menonaktifkan supplier,INTEGRATED,src/config/modules.ts,"Menu, route guard, tombol aksi, atau workflow frontend mengikuti permission ini."
catalog.items.read,Read Items,Melihat item,INTEGRATED,src/config/navigation.ts; src/config/modules.ts,"Menu, route guard, tombol aksi, atau workflow frontend mengikuti permission ini."
catalog.items.create,Create Items,Membuat item,INTEGRATED,src/config/modules.ts,"Menu, route guard, tombol aksi, atau workflow frontend mengikuti permission ini."
catalog.items.update,Update Items,Mengubah item,INTEGRATED,src/config/modules.ts,"Menu, route guard, tombol aksi, atau workflow frontend mengikuti permission ini."
catalog.items.delete,Delete Items,Menonaktifkan item,INTEGRATED,src/config/modules.ts,"Menu, route guard, tombol aksi, atau workflow frontend mengikuti permission ini."
catalog.item_part_numbers.read,Read Item Part Numbers,Melihat part number item,INTEGRATED,src/config/navigation.ts; src/config/modules.ts,"Menu, route guard, tombol aksi, atau workflow frontend mengikuti permission ini."
catalog.item_part_numbers.create,Create Item Part Numbers,Membuat part number item,INTEGRATED,src/config/modules.ts,"Menu, route guard, tombol aksi, atau workflow frontend mengikuti permission ini."
catalog.item_part_numbers.update,Update Item Part Numbers,Mengubah part number item,INTEGRATED,src/config/modules.ts,"Menu, route guard, tombol aksi, atau workflow frontend mengikuti permission ini."
catalog.item_part_numbers.delete,Delete Item Part Numbers,Menonaktifkan part number item,INTEGRATED,src/config/modules.ts,"Menu, route guard, tombol aksi, atau workflow frontend mengikuti permission ini."
catalog.item_uom_conversions.read,Read Item UOM Conversions,Melihat konversi satuan item,INTEGRATED,src/config/navigation.ts; src/config/modules.ts,"Menu, route guard, tombol aksi, atau workflow frontend mengikuti permission ini."
catalog.item_uom_conversions.create,Create Item UOM Conversions,Membuat konversi satuan item,INTEGRATED,src/config/modules.ts,"Menu, route guard, tombol aksi, atau workflow frontend mengikuti permission ini."
catalog.item_uom_conversions.update,Update Item UOM Conversions,Mengubah konversi satuan item,INTEGRATED,src/config/modules.ts,"Menu, route guard, tombol aksi, atau workflow frontend mengikuti permission ini."
catalog.item_uom_conversions.delete,Delete Item UOM Conversions,Menonaktifkan konversi satuan item,INTEGRATED,src/config/modules.ts,"Menu, route guard, tombol aksi, atau workflow frontend mengikuti permission ini."
catalog.item_suppliers.read,Read Item Suppliers,Melihat supplier item,INTEGRATED,src/config/navigation.ts; src/config/modules.ts,"Menu, route guard, tombol aksi, atau workflow frontend mengikuti permission ini."
catalog.item_suppliers.create,Create Item Suppliers,Membuat supplier item,INTEGRATED,src/config/modules.ts,"Menu, route guard, tombol aksi, atau workflow frontend mengikuti permission ini."
catalog.item_suppliers.update,Update Item Suppliers,Mengubah supplier item,INTEGRATED,src/config/modules.ts,"Menu, route guard, tombol aksi, atau workflow frontend mengikuti permission ini."
catalog.item_suppliers.delete,Delete Item Suppliers,Menonaktifkan supplier item,INTEGRATED,src/config/modules.ts,"Menu, route guard, tombol aksi, atau workflow frontend mengikuti permission ini."
transaction.purchase_orders.read,Read Purchase Orders,Melihat purchase order,INTEGRATED,src/config/navigation.ts; src/config/modules.ts,"Menu, route guard, tombol aksi, atau workflow frontend mengikuti permission ini."
transaction.purchase_orders.create,Create Purchase Orders,Membuat purchase order,INTEGRATED,src/config/modules.ts,"Menu, route guard, tombol aksi, atau workflow frontend mengikuti permission ini."
transaction.purchase_orders.send,Send Purchase Orders,Mengirim purchase order,INTEGRATED,src/config/modules.ts,"Menu, route guard, tombol aksi, atau workflow frontend mengikuti permission ini."
transaction.purchase_orders.update,Update Purchase Orders,Mengubah purchase order,INTEGRATED,src/config/navigation.ts; src/config/modules.ts; src/router/index.ts; src/modules/approvals/ApprovalsView.vue,"Menu, route guard, tombol aksi, atau workflow frontend mengikuti permission ini."
transaction.goods_receipts.read,Read Goods Receipts,Melihat goods receipt,INTEGRATED,src/config/navigation.ts; src/config/modules.ts,"Menu, route guard, tombol aksi, atau workflow frontend mengikuti permission ini."
transaction.goods_receipts.create,Create Goods Receipts,Membuat goods receipt,INTEGRATED,src/config/modules.ts,"Menu, route guard, tombol aksi, atau workflow frontend mengikuti permission ini."
transaction.goods_receipts.update,Update Goods Receipts,Mengubah goods receipt,INTEGRATED,src/config/modules.ts,"Menu, route guard, tombol aksi, atau workflow frontend mengikuti permission ini."
transaction.goods_receipts.generate_qr,Generate Goods Receipt QR,Generate QR goods receipt,INTEGRATED,src/config/modules.ts,"Menu, route guard, tombol aksi, atau workflow frontend mengikuti permission ini."
transaction.goods_receipts.scan_to_stock,Scan Goods Receipt To Stock,Scan QR goods receipt ke stock,INTEGRATED,src/config/modules.ts,"Menu, route guard, tombol aksi, atau workflow frontend mengikuti permission ini."
transaction.goods_receipts.post_qty_to_stock,Post Goods Receipt Qty To Stock,Posting qty goods receipt ke stock,INTEGRATED,src/config/modules.ts,"Menu, route guard, tombol aksi, atau workflow frontend mengikuti permission ini."
transaction.goods_receipts.post_scanned_to_stock,Post Scanned Goods Receipt To Stock,Posting hasil scan goods receipt ke stock,INTEGRATED,src/config/modules.ts,"Menu, route guard, tombol aksi, atau workflow frontend mengikuti permission ini."
inventory.stocks.read,Read Inventory Stocks,Melihat stock inventory,INTEGRATED,src/config/navigation.ts; src/config/modules.ts,"Menu, route guard, tombol aksi, atau workflow frontend mengikuti permission ini."
inventory.item_units.read,Read Item Units,Melihat unit item/QR,INTEGRATED,src/config/navigation.ts; src/config/modules.ts; src/modules/resource/ResourceWorkbenchView.vue,"Menu, route guard, tombol aksi, atau workflow frontend mengikuti permission ini."
inventory.stock_thresholds.read,Read Stock Thresholds,Melihat minimum stock,INTEGRATED,src/config/navigation.ts; src/config/modules.ts,"Menu, route guard, tombol aksi, atau workflow frontend mengikuti permission ini."
inventory.stock_thresholds.create,Create Stock Thresholds,Membuat minimum stock,INTEGRATED,src/config/modules.ts,"Menu, route guard, tombol aksi, atau workflow frontend mengikuti permission ini."
inventory.stock_thresholds.update,Update Stock Thresholds,Mengubah minimum stock,INTEGRATED,src/config/modules.ts,"Menu, route guard, tombol aksi, atau workflow frontend mengikuti permission ini."
inventory.stock_thresholds.delete,Delete Stock Thresholds,Menghapus minimum stock,INTEGRATED,src/config/modules.ts,"Menu, route guard, tombol aksi, atau workflow frontend mengikuti permission ini."
organization.divisions.read,Read divisions,View HRIS-synchronized divisions,INTEGRATED,src/config/navigation.ts; src/config/modules.ts,"Menu, route guard, tombol aksi, atau workflow frontend mengikuti permission ini."
organization.employees.read,Read employees,View HRIS-synchronized employees,INTEGRATED,src/config/navigation.ts; src/config/modules.ts,"Menu, route guard, tombol aksi, atau workflow frontend mengikuti permission ini."
organization.employees.sync,Sync HRIS organization,Run HRIS division and employee synchronization,BACKEND_ROUTE_DISABLED,,"Permission tersedia, tetapi route sinkronisasi HRIS pada BACKEND(66) masih dinonaktifkan/commented."
organization.responsibilities.read,Read responsibility targets,Search active responsibility targets,INTEGRATED,src/config/navigation.ts; src/config/modules.ts,"Menu, route guard, tombol aksi, atau workflow frontend mengikuti permission ini."
organization.vehicles.read,Read vehicles,View vehicles,INTEGRATED,src/config/navigation.ts; src/config/modules.ts,"Menu, route guard, tombol aksi, atau workflow frontend mengikuti permission ini."
organization.vehicles.create,Create vehicles,Create vehicle master data,INTEGRATED,src/config/modules.ts,"Menu, route guard, tombol aksi, atau workflow frontend mengikuti permission ini."
organization.vehicles.update,Update vehicles,Update vehicle master data,INTEGRATED,src/config/modules.ts,"Menu, route guard, tombol aksi, atau workflow frontend mengikuti permission ini."
organization.vehicles.delete,Delete vehicles,Deactivate vehicle master data,INTEGRATED,src/config/modules.ts,"Menu, route guard, tombol aksi, atau workflow frontend mengikuti permission ini."
inventory.assets.read,Read assets,View asset register and asset detail,INTEGRATED,src/config/navigation.ts; src/config/modules.ts,"Menu, route guard, tombol aksi, atau workflow frontend mengikuti permission ini."
inventory.assets.update,Update asset profiles,Create or update asset profile,INTEGRATED,src/config/modules.ts,"Menu, route guard, tombol aksi, atau workflow frontend mengikuti permission ini."
inventory.asset_assignments.read,Read asset assignments,View asset assignment history,INTEGRATED,src/config/modules.ts,"Menu, route guard, tombol aksi, atau workflow frontend mengikuti permission ini."
inventory.asset_assignments.create,Assign assets,Assign an asset to a responsibility target,INTEGRATED,src/config/modules.ts,"Menu, route guard, tombol aksi, atau workflow frontend mengikuti permission ini."
inventory.asset_assignments.return,Return assets,Return an asset to warehouse,INTEGRATED,src/config/modules.ts,"Menu, route guard, tombol aksi, atau workflow frontend mengikuti permission ini."
inventory.asset_assignments.transfer,Transfer assets,Transfer asset responsibility,INTEGRATED,src/config/modules.ts,"Menu, route guard, tombol aksi, atau workflow frontend mengikuti permission ini."
inventory.asset_maintenances.read,Read asset maintenance,View asset maintenance,INTEGRATED,src/config/navigation.ts; src/config/modules.ts,"Menu, route guard, tombol aksi, atau workflow frontend mengikuti permission ini."
inventory.asset_maintenances.create,Create asset maintenance,Create asset maintenance work,INTEGRATED,src/config/modules.ts,"Menu, route guard, tombol aksi, atau workflow frontend mengikuti permission ini."
inventory.asset_maintenances.update,Update asset maintenance,"Start, complete, or cancel maintenance",INTEGRATED,src/config/modules.ts,"Menu, route guard, tombol aksi, atau workflow frontend mengikuti permission ini."
reports.assets.read,Read asset reports,View asset responsibility reports,INTEGRATED,src/config/navigation.ts; src/router/index.ts; src/modules/reports/ReportsView.vue,"Menu, route guard, tombol aksi, atau workflow frontend mengikuti permission ini."
reports.responsibilities.read,Read responsibility reports,View item usage by responsibility,INTEGRATED,src/config/navigation.ts; src/router/index.ts; src/modules/reports/ReportsView.vue,"Menu, route guard, tombol aksi, atau workflow frontend mengikuti permission ini."
reports.asset_maintenances.read,Read asset maintenance reports,View asset maintenance reports,INTEGRATED,src/config/navigation.ts; src/router/index.ts; src/modules/reports/ReportsView.vue,"Menu, route guard, tombol aksi, atau workflow frontend mengikuti permission ini."
catalog.purchase_prices.create,Create Purchase Prices,Membuat referensi harga pembelian supplier secara manual.,INTEGRATED,src/config/modules.ts,"Menu, route guard, tombol aksi, atau workflow frontend mengikuti permission ini."
catalog.purchase_prices.read,Read Purchase Prices,Melihat histori harga pembelian supplier.,INTEGRATED,src/config/navigation.ts; src/config/modules.ts,"Menu, route guard, tombol aksi, atau workflow frontend mengikuti permission ini."
catalog.purchase_prices.update,Update Purchase Prices,Mengubah referensi harga pembelian manual.,INTEGRATED,src/config/modules.ts,"Menu, route guard, tombol aksi, atau workflow frontend mengikuti permission ini."
catalog.purchase_prices.delete,Delete Purchase Prices,Menghapus referensi harga pembelian manual.,INTEGRATED,src/config/modules.ts,"Menu, route guard, tombol aksi, atau workflow frontend mengikuti permission ini."
inventory.cost_balances.read,Read Cost Balances,Melihat saldo nilai persediaan dan average cost.,INTEGRATED,src/config/navigation.ts; src/config/modules.ts,"Menu, route guard, tombol aksi, atau workflow frontend mengikuti permission ini."
inventory.cost_movements.read,Read Cost Movements,Melihat histori pergerakan nilai persediaan.,INTEGRATED,src/config/navigation.ts; src/config/modules.ts,"Menu, route guard, tombol aksi, atau workflow frontend mengikuti permission ini."
transaction.landed_costs.create,Create Landed Costs,Membuat dokumen landed cost.,INTEGRATED,src/config/modules.ts,"Menu, route guard, tombol aksi, atau workflow frontend mengikuti permission ini."
transaction.landed_costs.read,Read Landed Costs,"Melihat landed cost, receipt, charge, preview, dan allocation.",INTEGRATED,src/config/navigation.ts; src/config/modules.ts,"Menu, route guard, tombol aksi, atau workflow frontend mengikuti permission ini."
transaction.landed_costs.update,Update Landed Costs,"Mengubah draft/rejected, menghitung preview, submit, atau cancel sebelum approval.",INTEGRATED,src/config/modules.ts,"Menu, route guard, tombol aksi, atau workflow frontend mengikuti permission ini."
transaction.landed_costs.delete,Delete Landed Costs,Soft-delete landed cost yang belum diposting.,INTEGRATED,src/config/modules.ts,"Menu, route guard, tombol aksi, atau workflow frontend mengikuti permission ini."
transaction.landed_costs.approve,Approve Landed Costs,Menyetujui atau menolak landed cost yang sudah disubmit.,INTEGRATED,src/config/navigation.ts; src/config/modules.ts; src/router/index.ts; src/modules/approvals/ApprovalsView.vue,"Menu, route guard, tombol aksi, atau workflow frontend mengikuti permission ini."
transaction.landed_costs.post,Post Landed Costs,Memposting landed cost ke inventory costing dan specific unit cost.,INTEGRATED,src/config/modules.ts,"Menu, route guard, tombol aksi, atau workflow frontend mengikuti permission ini."
transaction.landed_costs.reverse,Reverse Landed Costs,Membalik landed cost yang sudah diposting jika belum ada cost movement lanjutan.,INTEGRATED,src/config/modules.ts,"Menu, route guard, tombol aksi, atau workflow frontend mengikuti permission ini."
